epoch;Dice;loss;lr;precision;recall;val_Dice;val_loss;val_precision;val_recall
0;0.4824366271495819;0.4268762767314911;1e-04;0.8807743787765503;0.8807743787765503;0.5200517177581787;0.3660738468170166;0.9722203016281128;0.9722203016281128
1;0.5159640908241272;0.24465642869472504;9.9859964e-05;0.9738097190856934;0.9738097190856934;0.5288249850273132;0.28723740577697754;0.9643685817718506;0.9643685817718506
2;0.6433342099189758;0.20178191363811493;9.971983e-05;0.9747506976127625;0.9747506976127625;0.4989427626132965;0.2746870219707489;0.9513112306594849;0.9513112306594849
3;0.6801048517227173;0.18153372406959534;9.9579614e-05;0.9757543802261353;0.9757543802261353;0.6509092450141907;0.2091827243566513;0.9725638031959534;0.9725638031959534
4;0.691254734992981;0.17038670182228088;9.943931e-05;0.9771342873573303;0.9771342873573303;0.5350775122642517;0.22867442667484283;0.9730495810508728;0.9730495810508728
5;0.7007175087928772;0.16258485615253448;9.929894e-05;0.9767830967903137;0.9767830967903137;0.5648780465126038;0.2216322273015976;0.9720411896705627;0.9720411896705627
6;0.7041273713111877;0.1597934365272522;9.9158475e-05;0.976265013217926;0.976265013217926;0.6463432908058167;0.17511966824531555;0.9830243587493896;0.9830243587493896
7;0.7150190472602844;0.1544213742017746;9.9017925e-05;0.9761909246444702;0.9761909246444702;0.5736043453216553;0.21818231046199799;0.9765998125076294;0.9765998125076294
8;0.7294158935546875;0.14420455694198608;9.887729e-05;0.9801807999610901;0.9801807999610901;0.5588343739509583;0.2390104979276657;0.9717358946800232;0.9717358946800232
9;0.7198567986488342;0.1440030336380005;9.873657e-05;0.9806122183799744;0.9806122183799744;0.7383039593696594;0.15547147393226624;0.9736014604568481;0.9736014604568481
10;0.724970281124115;0.14578551054000854;9.859577e-05;0.9792857766151428;0.9792857766151428;0.6440485119819641;0.19337701797485352;0.9793787598609924;0.9793787598609924
11;0.7293164134025574;0.1381048858165741;9.845487e-05;0.98137366771698;0.98137366771698;0.659288227558136;0.17397859692573547;0.975868284702301;0.975868284702301
12;0.736125111579895;0.13679900765419006;9.831388e-05;0.9806923866271973;0.9806923866271973;0.7042838335037231;0.161510169506073;0.974195122718811;0.974195122718811
13;0.7413290143013;0.14382727444171906;9.817281e-05;0.9760936498641968;0.9760936498641968;0.6109464168548584;0.2315252274274826;0.9694918990135193;0.9694918990135193
14;0.7285687923431396;0.1356772631406784;9.803166e-05;0.981553316116333;0.981553316116333;0.6764766573905945;0.1835271418094635;0.9771512746810913;0.9771512746810913
15;0.7331751585006714;0.13555923104286194;9.789042e-05;0.9802557229995728;0.9802557229995728;0.7343088984489441;0.15932874381542206;0.975974440574646;0.975974440574646
16;0.74143385887146;0.13448810577392578;9.774909e-05;0.9817506074905396;0.9817506074905396;0.6716578006744385;0.18644088506698608;0.9778198599815369;0.9778198599815369
17;0.7483645677566528;0.1333254873752594;9.760768e-05;0.9790179133415222;0.9790179133415222;0.7467668652534485;0.14364060759544373;0.9773972630500793;0.9773972630500793
18;0.7459064722061157;0.13050025701522827;9.746617e-05;0.9803370237350464;0.9803370237350464;0.6740092635154724;0.15984371304512024;0.9820013642311096;0.9820013642311096
19;0.7407659292221069;0.13922543823719025;9.732458e-05;0.9779645800590515;0.9779645800590515;0.7121855020523071;0.1527811586856842;0.9787218570709229;0.9787218570709229
20;0.7381588816642761;0.1320827156305313;9.718289e-05;0.9801008105278015;0.9801008105278015;0.7400864362716675;0.15217337012290955;0.9794449210166931;0.9794449210166931
21;0.7516443133354187;0.12781651318073273;9.704113e-05;0.9808585047721863;0.9808585047721863;0.7465913891792297;0.13797135651111603;0.9774140119552612;0.9774140119552612
22;0.7528546452522278;0.13047553598880768;9.689927e-05;0.9803493618965149;0.9803493618965149;0.7053424119949341;0.15287546813488007;0.9833166599273682;0.9833166599273682
23;0.7514878511428833;0.1308349072933197;9.675732e-05;0.9787160754203796;0.9787160754203796;0.6408244967460632;0.20609942078590393;0.973652720451355;0.973652720451355
24;0.7528812289237976;0.1294017881155014;9.661529e-05;0.9793038368225098;0.9793038368225098;0.7417176961898804;0.14469994604587555;0.9750860333442688;0.975085973739624
25;0.7541348934173584;0.1257142871618271;9.647316e-05;0.9808278679847717;0.9808278679847717;0.7257472276687622;0.1642325073480606;0.970095157623291;0.970095157623291
26;0.758855938911438;0.12582062184810638;9.633095e-05;0.9808579087257385;0.9808579087257385;0.7535396218299866;0.13870711624622345;0.9822677969932556;0.9822677969932556
27;0.7610610723495483;0.12784908711910248;9.618864e-05;0.9794682860374451;0.9794682860374451;0.7694600224494934;0.12133100628852844;0.9799312353134155;0.9799312353134155
28;0.7488256692886353;0.12470711022615433;9.604624e-05;0.9809489846229553;0.9809489846229553;0.6213701367378235;0.23042401671409607;0.9717947840690613;0.9717947840690613
29;0.7586699724197388;0.12762655317783356;9.590376e-05;0.9793853759765625;0.9793853759765625;0.7635010480880737;0.13553760945796967;0.9794082045555115;0.9794082045555115
30;0.7610786557197571;0.12712234258651733;9.576118e-05;0.9792049527168274;0.9792049527168274;0.6428658366203308;0.22167402505874634;0.9721285700798035;0.9721285700798035
31;0.7625857591629028;0.12603385746479034;9.561851e-05;0.9795960783958435;0.9795960783958435;0.7041236758232117;0.16126830875873566;0.9769982099533081;0.9769982099533081
32;0.7536250352859497;0.13003583252429962;9.547575e-05;0.9804596900939941;0.9804596900939941;0.736911416053772;0.13932625949382782;0.9809860587120056;0.9809860587120056
33;0.7571012377738953;0.12415459007024765;9.53329e-05;0.9804808497428894;0.9804808497428894;0.7944689989089966;0.13550439476966858;0.9714452624320984;0.9714452624320984
34;0.753380537033081;0.12485998868942261;9.518995e-05;0.9812673330307007;0.9812673330307007;0.7712558507919312;0.14531494677066803;0.9787085056304932;0.9787085056304932
35;0.7643805146217346;0.11917956918478012;9.504692e-05;0.9834168553352356;0.9834168553352356;0.7467324733734131;0.14084415137767792;0.9718626141548157;0.9718626141548157
36;0.7570145726203918;0.1281338632106781;9.490379e-05;0.9791772365570068;0.9791772365570068;0.7485207915306091;0.1355706751346588;0.9790154099464417;0.9790154099464417
37;0.7568753361701965;0.12372776865959167;9.4760566e-05;0.9817625880241394;0.9817625880241394;0.746935248374939;0.14465831220149994;0.9804816842079163;0.9804816842079163
38;0.7661170363426208;0.12036032229661942;9.4617266e-05;0.9812638163566589;0.9812638163566589;0.7581974267959595;0.13925844430923462;0.9790208339691162;0.9790208339691162
39;0.7589744925498962;0.12322033941745758;9.447386e-05;0.9817844033241272;0.9817844033241272;0.6619728803634644;0.17888015508651733;0.978267252445221;0.978267252445221
40;0.7609638571739197;0.1277443915605545;9.433035e-05;0.980238676071167;0.980238676071167;0.7812945246696472;0.1219562441110611;0.975314736366272;0.975314736366272
41;0.7733945846557617;0.12222149968147278;9.418676e-05;0.981726348400116;0.981726348400116;0.7882858514785767;0.12867650389671326;0.9794859886169434;0.9794859886169434
42;0.7687416076660156;0.1226336807012558;9.404308e-05;0.9811611175537109;0.9811611175537109;0.7288238406181335;0.15647068619728088;0.9755651950836182;0.9755651950836182
43;0.7654709219932556;0.12389041483402252;9.389929e-05;0.9814513921737671;0.9814513921737671;0.7370643615722656;0.15631647408008575;0.9745059013366699;0.9745059013366699
44;0.7662399411201477;0.1254502385854721;9.3755414e-05;0.9814770221710205;0.9814770221710205;0.7838526368141174;0.12644505500793457;0.9770139455795288;0.9770139455795288
45;0.7696707844734192;0.12644419074058533;9.361144e-05;0.9791909456253052;0.9791909456253052;0.772972583770752;0.13445885479450226;0.973534882068634;0.973534882068634
46;0.7569243907928467;0.11900819092988968;9.346737e-05;0.9834481477737427;0.9834481477737427;0.7100419402122498;0.16232851147651672;0.9744040369987488;0.9744040369987488
47;0.7603397369384766;0.12374847382307053;9.332322e-05;0.9802103042602539;0.9802103042602539;0.7226702570915222;0.17330260574817657;0.9727081060409546;0.9727081060409546
48;0.7566777467727661;0.12169254571199417;9.317896e-05;0.9822903871536255;0.9822903871536255;0.7555374503135681;0.14050185680389404;0.9766297340393066;0.9766297340393066
49;0.770221471786499;0.12195637077093124;9.3034614e-05;0.9789465665817261;0.9789465665817261;0.8034093976020813;0.11937997490167618;0.9766308069229126;0.9766308069229126
50;0.7669985294342041;0.12423883378505707;9.2890165e-05;0.9796839356422424;0.9796839356422424;0.7702935338020325;0.13554129004478455;0.9675725698471069;0.9675725698471069
51;0.7577251195907593;0.12369193881750107;9.274562e-05;0.9819675087928772;0.9819675087928772;0.7585612535476685;0.14009763300418854;0.9749950766563416;0.9749950766563416
52;0.7665688395500183;0.12004414945840836;9.260098e-05;0.9820461273193359;0.9820461273193359;0.7551151514053345;0.12834934890270233;0.976374089717865;0.976374089717865
53;0.7587323784828186;0.1245979592204094;9.245624e-05;0.9819835424423218;0.9819834232330322;0.7647258043289185;0.11747131496667862;0.9844970703125;0.9844970703125
54;0.7599321603775024;0.12429066747426987;9.2311406e-05;0.9827377796173096;0.9827377796173096;0.7995096445083618;0.14182133972644806;0.9646288752555847;0.9646288752555847
55;0.7488624453544617;0.12458360195159912;9.2166476e-05;0.9810446500778198;0.9810446500778198;0.803009033203125;0.12360095232725143;0.9808033108711243;0.9808033108711243
56;0.7552685141563416;0.12263468652963638;9.2021444e-05;0.9825839996337891;0.9825839996337891;0.7338007092475891;0.17311754822731018;0.9734198451042175;0.9734198451042175
57;0.7701753377914429;0.11913951486349106;9.187632e-05;0.9806237816810608;0.9806237816810608;0.7384138703346252;0.13757677376270294;0.9809761047363281;0.9809761047363281
58;0.769271731376648;0.12147452682256699;9.173109e-05;0.979730486869812;0.979730486869812;0.7473886013031006;0.15898080170154572;0.9744617342948914;0.9744617342948914
59;0.7672094702720642;0.1234385222196579;9.158577e-05;0.9796609878540039;0.9796609878540039;0.7817012667655945;0.12902319431304932;0.9743184447288513;0.9743184447288513
60;0.765021026134491;0.1221560537815094;9.144035e-05;0.9811215996742249;0.9811215996742249;0.7889232039451599;0.13097180426120758;0.9827219843864441;0.9827219843864441
61;0.7753123044967651;0.1177840530872345;9.129482e-05;0.9839271306991577;0.9839271306991577;0.7671629190444946;0.12301532179117203;0.9771101474761963;0.9771101474761963
62;0.7604450583457947;0.11939681321382523;9.11492e-05;0.9849686622619629;0.9849686622619629;0.795595645904541;0.11808209121227264;0.9782282114028931;0.9782282114028931
63;0.7633628845214844;0.11995658278465271;9.100347e-05;0.9813044667243958;0.9813044667243958;0.7411532998085022;0.119526207447052;0.9838523864746094;0.9838523864746094
64;0.7683967351913452;0.11512988805770874;9.0857655e-05;0.9837390184402466;0.9837390184402466;0.7542523741722107;0.13724574446678162;0.9757096767425537;0.9757096767425537
65;0.7671265006065369;0.11993977427482605;9.071173e-05;0.9830007553100586;0.9830007553100586;0.7738604545593262;0.1245657354593277;0.9782515168190002;0.9782515168190002
66;0.7707543969154358;0.1175164058804512;9.056571e-05;0.9812585711479187;0.9812585711479187;0.7693633437156677;0.12807190418243408;0.9758419990539551;0.9758419990539551
67;0.7643643617630005;0.12090954184532166;9.041959e-05;0.9794209003448486;0.9794209003448486;0.7777500748634338;0.11683694273233414;0.9843879342079163;0.9843879342079163
68;0.7697617411613464;0.12002412229776382;9.027336e-05;0.9820118546485901;0.9820118546485901;0.7679797410964966;0.14510971307754517;0.9729476571083069;0.9729476571083069
69;0.7666335105895996;0.12164734303951263;9.012703e-05;0.9797399640083313;0.9797399640083313;0.7545657157897949;0.1309666782617569;0.980222225189209;0.980222225189209
70;0.7678013443946838;0.12079872190952301;8.99806e-05;0.9814167618751526;0.9814167618751526;0.8040568232536316;0.11967702209949493;0.9764928221702576;0.9764928221702576
71;0.7708929777145386;0.12155978381633759;8.983407e-05;0.9810665249824524;0.9810665249824524;0.6213225722312927;0.22493745386600494;0.9752943515777588;0.9752943515777588
72;0.7819011807441711;0.12044449895620346;8.968744e-05;0.9811373353004456;0.9811373353004456;0.7623144388198853;0.1453583836555481;0.9742814898490906;0.9742814898490906
73;0.7665457725524902;0.12074831873178482;8.95407e-05;0.982451319694519;0.982451319694519;0.7922757267951965;0.11935612559318542;0.9802619218826294;0.9802619218826294
74;0.7756831645965576;0.1205325499176979;8.939386e-05;0.9811495542526245;0.9811495542526245;0.7723351120948792;0.12574471533298492;0.9780414700508118;0.9780414700508118
75;0.7723426222801208;0.12061679363250732;8.9246925e-05;0.9821392893791199;0.9821392893791199;0.7671251893043518;0.14973567426204681;0.9707823991775513;0.9707823991775513
76;0.7720898985862732;0.11817441135644913;8.909988e-05;0.9810645580291748;0.9810645580291748;0.7713671326637268;0.14802105724811554;0.9701158404350281;0.9701158404350281
77;0.7747952342033386;0.11775816977024078;8.8952715e-05;0.9816398024559021;0.9816398024559021;0.7540569305419922;0.12167955189943314;0.9858237504959106;0.9858236908912659
78;0.767905056476593;0.12140347063541412;8.8805464e-05;0.9825960993766785;0.9825960993766785;0.6844004988670349;0.2112753689289093;0.9726890921592712;0.9726890921592712
79;0.7689760327339172;0.12049784511327744;8.8658104e-05;0.9812033772468567;0.9812033772468567;0.7694234251976013;0.11168063431978226;0.9851987957954407;0.9851987957954407
80;0.7699263095855713;0.11821490526199341;8.851064e-05;0.982211172580719;0.982211172580719;0.7627917528152466;0.12346125394105911;0.9776903390884399;0.9776903390884399
81;0.7747802138328552;0.11724596470594406;8.8363064e-05;0.9829573035240173;0.9829573035240173;0.7808827757835388;0.12905684113502502;0.9729393720626831;0.9729393720626831
82;0.7730934619903564;0.12036644667387009;8.821539e-05;0.9797788262367249;0.9797788262367249;0.8000234365463257;0.1103987991809845;0.9798480868339539;0.9798480868339539
83;0.7688456177711487;0.11687315255403519;8.806761e-05;0.9830965399742126;0.9830965399742126;0.7600816488265991;0.1376916915178299;0.972900390625;0.972900390625
84;0.7651805877685547;0.11761460453271866;8.7919725e-05;0.9832281470298767;0.9832281470298767;0.7866503000259399;0.11850351095199585;0.9805732369422913;0.9805732369422913
85;0.7736636400222778;0.12103206664323807;8.7771725e-05;0.9799399375915527;0.9799399375915527;0.7935420870780945;0.1110960990190506;0.9839224815368652;0.9839224815368652
86;0.7658092379570007;0.1180679127573967;8.762363e-05;0.9824577569961548;0.9824577569961548;0.7713916897773743;0.12461778521537781;0.9810890555381775;0.9810890555381775
87;0.7736373543739319;0.11833703517913818;8.747542e-05;0.9822732210159302;0.9822732210159302;0.7696896195411682;0.1267552524805069;0.9820501804351807;0.9820501804351807
88;0.7767212390899658;0.11991269141435623;8.7327106e-05;0.9804731607437134;0.9804731607437134;0.7772689461708069;0.1200396716594696;0.9806780815124512;0.9806780815124512
89;0.7668411731719971;0.11866029351949692;8.717868e-05;0.9834096431732178;0.9834096431732178;0.785615861415863;0.1101287379860878;0.9840181469917297;0.9840181469917297
90;0.7698747515678406;0.11891137808561325;8.703014e-05;0.9820536971092224;0.9820536971092224;0.7636916041374207;0.14878898859024048;0.9775587320327759;0.9775587320327759
91;0.7737388014793396;0.11925629526376724;8.6881504e-05;0.9826928973197937;0.9826928973197937;0.7821089625358582;0.11198300868272781;0.9831207990646362;0.9831207990646362
92;0.7772423028945923;0.11866173893213272;8.673274e-05;0.9794782996177673;0.9794782996177673;0.7937342524528503;0.1160706877708435;0.9805811047554016;0.9805811047554016
93;0.7733706831932068;0.1182444840669632;8.658389e-05;0.981146514415741;0.981146514415741;0.7672014832496643;0.12330534309148788;0.9829692244529724;0.9829692244529724
94;0.7804920077323914;0.11760716885328293;8.643491e-05;0.9821754097938538;0.9821754097938538;0.7732062339782715;0.14425833523273468;0.971281111240387;0.971281111240387
95;0.7663117051124573;0.11938031017780304;8.6285836e-05;0.9809879064559937;0.9809879064559937;0.793154239654541;0.11459772288799286;0.9787582159042358;0.9787582159042358
96;0.7796924114227295;0.11881893128156662;8.613664e-05;0.9811359643936157;0.9811359643936157;0.7981084585189819;0.12110606580972672;0.9808859825134277;0.9808859825134277
97;0.7726091146469116;0.12125778198242188;8.598734e-05;0.9812532663345337;0.9812532663345337;0.7438313961029053;0.13797999918460846;0.9776604771614075;0.9776604771614075
98;0.7711240649223328;0.11736075580120087;8.583793e-05;0.9827680587768555;0.9827680587768555;0.8242372274398804;0.10294439643621445;0.9819210171699524;0.9819210171699524
99;0.7759591937065125;0.12028302997350693;8.568841e-05;0.979986310005188;0.979986310005188;0.7849017381668091;0.12236769497394562;0.9797782897949219;0.9797782897949219
100;0.7636858224868774;0.11646617949008942;8.553877e-05;0.9830173254013062;0.9830173254013062;0.8033592104911804;0.12411091476678848;0.9731458425521851;0.9731458425521851
101;0.7715041041374207;0.11774566769599915;8.5389016e-05;0.9827496409416199;0.9827496409416199;0.7336321473121643;0.14439785480499268;0.983940064907074;0.983940064907074
102;0.7772169709205627;0.11746658384799957;8.523916e-05;0.9811273217201233;0.9811273217201233;0.7816305756568909;0.12390130758285522;0.9758310914039612;0.9758310914039612
103;0.770257294178009;0.11670350283384323;8.508918e-05;0.9833487272262573;0.9833487272262573;0.7731809020042419;0.13270066678524017;0.9776731729507446;0.9776731729507446
104;0.7697386145591736;0.11622536182403564;8.493909e-05;0.9847407341003418;0.9847407341003418;0.8122836947441101;0.11739376187324524;0.9771690368652344;0.9771690368652344
105;0.7637194991111755;0.12123250961303711;8.4788895e-05;0.9827922582626343;0.9827922582626343;0.8084284067153931;0.10509790480136871;0.9822208285331726;0.9822208285331726
106;0.7726125121116638;0.11931107193231583;8.4638574e-05;0.9825718998908997;0.9825718998908997;0.79953932762146;0.12030807882547379;0.9798195958137512;0.9798195958137512
107;0.7763347029685974;0.11687556654214859;8.448814e-05;0.9816133975982666;0.9816133975982666;0.7784338593482971;0.12875498831272125;0.977704644203186;0.977704644203186
108;0.7731413841247559;0.11840328574180603;8.43376e-05;0.9814886450767517;0.9814886450767517;0.8112638592720032;0.11226010322570801;0.9796524047851562;0.9796524047851562
109;0.768706738948822;0.11854487657546997;8.418694e-05;0.9815604090690613;0.9815604090690613;0.791509211063385;0.11049526929855347;0.9829772710800171;0.9829772710800171
110;0.775409996509552;0.11875628679990768;8.403616e-05;0.9806857705116272;0.9806857705116272;0.7075863480567932;0.1780800223350525;0.9751979112625122;0.9751979112625122
111;0.7774266004562378;0.11469166725873947;8.3885265e-05;0.981945812702179;0.981945812702179;0.805374801158905;0.11779188364744186;0.9744241237640381;0.9744241237640381
112;0.7690895199775696;0.12133524566888809;8.373426e-05;0.9816124439239502;0.9816124439239502;0.7794329524040222;0.13989493250846863;0.9696184992790222;0.9696184992790222
113;0.7681718468666077;0.117620088160038;8.358313e-05;0.9817584156990051;0.9817584156990051;0.7479761242866516;0.16453281044960022;0.972690761089325;0.972690761089325
114;0.7774708867073059;0.11685717850923538;8.343189e-05;0.9822238683700562;0.9822238683700562;0.7758647203445435;0.13532643020153046;0.9759752750396729;0.9759752750396729
115;0.7704266905784607;0.11731837689876556;8.328053e-05;0.9824622869491577;0.9824622869491577;0.7814739942550659;0.12592670321464539;0.9772096872329712;0.9772096872329712
116;0.7808585166931152;0.12026505172252655;8.312905e-05;0.9802740812301636;0.9802740812301636;0.7596532702445984;0.12568481266498566;0.980456531047821;0.980456531047821
117;0.7704533338546753;0.11809661984443665;8.297746e-05;0.9810596704483032;0.9810596704483032;0.7332518100738525;0.15265920758247375;0.9765434861183167;0.9765434861183167
118;0.7844425439834595;0.11522016674280167;8.282574e-05;0.9824897646903992;0.9824897646903992;0.7645959258079529;0.13027973473072052;0.9788580536842346;0.9788580536842346
119;0.7781097888946533;0.11492034047842026;8.2673905e-05;0.9819373488426208;0.9819373488426208;0.7917686104774475;0.13051459193229675;0.9730362892150879;0.9730362892150879
120;0.7799843549728394;0.1169687882065773;8.252195e-05;0.9809467792510986;0.9809467792510986;0.6805183291435242;0.1995629221200943;0.9721489548683167;0.9721489548683167
121;0.7794341444969177;0.11240824311971664;8.236987e-05;0.983798086643219;0.983798086643219;0.7991687655448914;0.11532770842313766;0.9804700613021851;0.9804700613021851
122;0.7698996663093567;0.11821192502975464;8.221769e-05;0.9807315468788147;0.9807315468788147;0.7859124541282654;0.11186079680919647;0.9804474115371704;0.9804474115371704
123;0.7751036286354065;0.11918357759714127;8.2065366e-05;0.9821332097053528;0.9821332097053528;0.7226911783218384;0.16791285574436188;0.9744476675987244;0.9744476675987244
124;0.779116690158844;0.11607804149389267;8.191293e-05;0.9811661243438721;0.9811661243438721;0.778068482875824;0.11955839395523071;0.9824576377868652;0.9824576377868652
125;0.7708938121795654;0.1179240494966507;8.176037e-05;0.9824875593185425;0.9824875593185425;0.8043191432952881;0.1078076958656311;0.9816093444824219;0.9816093444824219
126;0.7743755578994751;0.11794077605009079;8.160769e-05;0.9814862012863159;0.9814862012863159;0.7817721962928772;0.13875004649162292;0.9684330224990845;0.9684330224990845
127;0.7669575214385986;0.1151910349726677;8.145489e-05;0.9833431243896484;0.9833431243896484;0.8041285872459412;0.11146791279315948;0.9806145429611206;0.9806145429611206
128;0.774881899356842;0.11569765955209732;8.130196e-05;0.9804679155349731;0.9804679155349731;0.808718204498291;0.11529073864221573;0.9809059500694275;0.9809059500694275
129;0.7731109857559204;0.1158333495259285;8.1148915e-05;0.9820685982704163;0.9820685982704163;0.7694070339202881;0.13562265038490295;0.9778860211372375;0.9778860211372375
130;0.7760888934135437;0.1182439997792244;8.099574e-05;0.9806976318359375;0.9806976318359375;0.7905424237251282;0.12659938633441925;0.9753538966178894;0.9753538966178894
131;0.7708914279937744;0.11846640706062317;8.0842445e-05;0.9808891415596008;0.9808891415596008;0.7812209725379944;0.14505326747894287;0.9671635031700134;0.9671635031700134
132;0.7719704508781433;0.11412495374679565;8.0689024e-05;0.9835408926010132;0.9835408926010132;0.7812504172325134;0.12852178514003754;0.976806640625;0.976806640625
133;0.7742111682891846;0.11550174653530121;8.053547e-05;0.9825644493103027;0.9825644493103027;0.8070229887962341;0.12276101857423782;0.9753009080886841;0.9753009080886841
134;0.766676127910614;0.12037727236747742;8.0381804e-05;0.9804713129997253;0.9804713129997253;0.780366837978363;0.12291049212217331;0.9760498404502869;0.9760498404502869
135;0.7701390981674194;0.11715236306190491;8.0228005e-05;0.9815285801887512;0.9815285801887512;0.7798044681549072;0.13395968079566956;0.9736557006835938;0.9736557006835938
136;0.7779273390769958;0.11743811517953873;8.0074075e-05;0.9814116358757019;0.9814116358757019;0.7916552424430847;0.12733832001686096;0.9730451703071594;0.9730451703071594
137;0.7667316198348999;0.12247464060783386;7.992003e-05;0.979871928691864;0.979871928691864;0.776928186416626;0.12446658313274384;0.9799720644950867;0.9799720644950867
138;0.7702690958976746;0.12004021555185318;7.976584e-05;0.9789166450500488;0.9789166450500488;0.8146911859512329;0.10696309804916382;0.9852434396743774;0.9852434396743774
139;0.7645559906959534;0.11758346855640411;7.9611535e-05;0.9853358268737793;0.9853358268737793;0.7955779433250427;0.1076425090432167;0.9843299984931946;0.9843299984931946
140;0.7704210877418518;0.1200043186545372;7.945711e-05;0.9803043007850647;0.9803043007850647;0.7913801074028015;0.10919702798128128;0.9827073812484741;0.9827073812484741
141;0.7757248282432556;0.1141151487827301;7.930253e-05;0.9850472211837769;0.9850472211837769;0.7966658473014832;0.11506693065166473;0.9804458022117615;0.9804458022117615
142;0.7833132147789001;0.1174817904829979;7.9147845e-05;0.9816642999649048;0.9816642999649048;0.7854427695274353;0.13779975473880768;0.9745236039161682;0.9745236039161682
143;0.7892095446586609;0.11589886993169785;7.899302e-05;0.9811941981315613;0.9811941981315613;0.7854965925216675;0.12783955037593842;0.9740602970123291;0.9740602970123291
144;0.7698695063591003;0.11409378051757812;7.883807e-05;0.9822429418563843;0.9822429418563843;0.7952854037284851;0.12211265414953232;0.9791427254676819;0.9791427254676819
145;0.768016517162323;0.11671873927116394;7.8682984e-05;0.9825655221939087;0.9825655221939087;0.7809982299804688;0.12232545018196106;0.9789312481880188;0.9789312481880188
146;0.7761855125427246;0.11470676958560944;7.8527766e-05;0.9836750626564026;0.9836750626564026;0.7699309587478638;0.14153768122196198;0.974282443523407;0.974282443523407
147;0.7792515754699707;0.11521128565073013;7.837242e-05;0.9816907048225403;0.9816907048225403;0.7414148449897766;0.1635294258594513;0.9739943742752075;0.9739943742752075
148;0.783767819404602;0.1180761456489563;7.8216945e-05;0.980450451374054;0.980450451374054;0.792371392250061;0.12599274516105652;0.9803767204284668;0.9803767204284668
149;0.7727500200271606;0.12142413854598999;7.806133e-05;0.9810903072357178;0.9810903072357178;0.7952718138694763;0.11323332041501999;0.9801866412162781;0.9801866412162781
150;0.7714251279830933;0.11730186641216278;7.7905584e-05;0.9806393980979919;0.9806393980979919;0.7901240587234497;0.12240666151046753;0.9811842441558838;0.9811842441558838
151;0.7774236798286438;0.11806569248437881;7.774971e-05;0.9809853434562683;0.9809853434562683;0.8029017448425293;0.11775347590446472;0.9778172969818115;0.9778172969818115
152;0.7726427912712097;0.11440779268741608;7.75937e-05;0.9832951426506042;0.9832951426506042;0.7938236594200134;0.11469300091266632;0.9795049428939819;0.9795049428939819
153;0.7809301614761353;0.11784461885690689;7.743755e-05;0.9798381328582764;0.9798381328582764;0.7745010256767273;0.12114142626523972;0.9865862131118774;0.9865862131118774
154;0.774117648601532;0.1134001687169075;7.728127e-05;0.9830698370933533;0.9830698370933533;0.8028713464736938;0.10786943882703781;0.9819654226303101;0.9819654226303101
155;0.7860512733459473;0.11268647760152817;7.712485e-05;0.9830294251441956;0.9830294251441956;0.7860942482948303;0.1187533512711525;0.9821014404296875;0.9821014404296875
156;0.7794756293296814;0.11329863220453262;7.6968296e-05;0.9821285605430603;0.9821285605430603;0.802196741104126;0.1162227988243103;0.9759165048599243;0.9759165048599243
157;0.7821008563041687;0.11721158027648926;7.681161e-05;0.979089081287384;0.979089081287384;0.7983459234237671;0.13123778998851776;0.9767298698425293;0.9767298698425293
158;0.773094654083252;0.11082734167575836;7.665479e-05;0.9844092726707458;0.9844092726707458;0.7545369863510132;0.14571626484394073;0.9788028597831726;0.9788028597831726
159;0.7802568078041077;0.11586688458919525;7.649782e-05;0.9824832677841187;0.9824832677841187;0.7964193820953369;0.11329323053359985;0.9803433418273926;0.9803433418273926
160;0.778139591217041;0.11462389677762985;7.634071e-05;0.9828709959983826;0.9828709959983826;0.7868779897689819;0.12493527680635452;0.9741477966308594;0.9741477966308594
161;0.7784808874130249;0.11752942204475403;7.6183474e-05;0.9802423119544983;0.9802423119544983;0.7781521081924438;0.11522902548313141;0.9817687273025513;0.9817687273025513
162;0.7853204607963562;0.11452081054449081;7.6026095e-05;0.9812074303627014;0.9812074303627014;0.7853113412857056;0.1126057505607605;0.9818251132965088;0.9818251132965088
163;0.7776747941970825;0.11483423411846161;7.586858e-05;0.9818286299705505;0.9818286299705505;0.799064576625824;0.12150698900222778;0.9784609079360962;0.9784609079360962
164;0.7726584076881409;0.1155000627040863;7.571091e-05;0.9814282059669495;0.9814282059669495;0.8101520538330078;0.1157398670911789;0.9781256318092346;0.9781256318092346
165;0.7746639251708984;0.1138685941696167;7.555311e-05;0.9840462803840637;0.9840462803840637;0.796817421913147;0.13735781610012054;0.9696910977363586;0.9696910977363586
166;0.7794467806816101;0.1157110333442688;7.539517e-05;0.9810215830802917;0.9810215830802917;0.8129279017448425;0.11657165735960007;0.9767109155654907;0.9767109155654907
167;0.7738052010536194;0.11430265009403229;7.523708e-05;0.9830381870269775;0.9830381870269775;0.7419797778129578;0.14346645772457123;0.9838971495628357;0.9838971495628357
168;0.7808646559715271;0.11401981115341187;7.507885e-05;0.9821251034736633;0.9821251034736633;0.8060040473937988;0.12716536223888397;0.9750052094459534;0.9750052094459534
169;0.7694875597953796;0.11353007704019547;7.492048e-05;0.9862099289894104;0.9862099289894104;0.7606895565986633;0.12496285885572433;0.9812538623809814;0.9812538623809814
170;0.7743261456489563;0.118234783411026;7.476197e-05;0.9819753766059875;0.9819753766059875;0.6258019208908081;0.27080094814300537;0.9715411067008972;0.9715411067008972
171;0.7764757871627808;0.11573504656553268;7.460331e-05;0.9818421602249146;0.9818421602249146;0.8137378096580505;0.12040061503648758;0.9746209979057312;0.9746209979057312
172;0.775094747543335;0.11561376601457596;7.444451e-05;0.9832199811935425;0.9832199811935425;0.772226095199585;0.11630746722221375;0.9843219518661499;0.9843219518661499
173;0.775670051574707;0.1133747547864914;7.428556e-05;0.9827423095703125;0.9827423095703125;0.7780687212944031;0.12188897281885147;0.9792810678482056;0.9792810678482056
174;0.7834138870239258;0.11391934752464294;7.412647e-05;0.9823691248893738;0.9823691248893738;0.7896809577941895;0.10769834369421005;0.9871393442153931;0.9871393442153931
175;0.773223876953125;0.11287547647953033;7.3967225e-05;0.983139157295227;0.983139157295227;0.7960789799690247;0.11834488809108734;0.9801800847053528;0.9801800847053528
176;0.7774954438209534;0.11247311532497406;7.380784e-05;0.9846252202987671;0.9846252202987671;0.7542370557785034;0.1371770054101944;0.976223349571228;0.976223349571228
177;0.7818906307220459;0.11540122330188751;7.3648305e-05;0.9823077321052551;0.9823077321052551;0.8026320338249207;0.10776662081480026;0.9863737225532532;0.9863737225532532
178;0.7770851850509644;0.11567222326993942;7.348862e-05;0.9829556941986084;0.9829556941986084;0.7885635495185852;0.11128579825162888;0.9823461771011353;0.9823461771011353
179;0.7724040150642395;0.115479975938797;7.332879e-05;0.9837645292282104;0.9837645292282104;0.7887212634086609;0.11425434798002243;0.9785582423210144;0.9785582423210144
180;0.7853207588195801;0.11682755500078201;7.31688e-05;0.9819287061691284;0.9819287061691284;0.8028259873390198;0.12094229459762573;0.9753068089485168;0.9753066897392273
181;0.7678951025009155;0.114653080701828;7.3008676e-05;0.9819969534873962;0.9819969534873962;0.75135338306427;0.12482436001300812;0.984017550945282;0.984017550945282
182;0.7776827216148376;0.11116970330476761;7.2848394e-05;0.9830558896064758;0.9830558896064758;0.7743818759918213;0.13263288140296936;0.9739852547645569;0.9739852547645569
183;0.7811166048049927;0.1120423749089241;7.268796e-05;0.9823797345161438;0.9823797345161438;0.7990239262580872;0.10986781120300293;0.9812000393867493;0.9812000393867493
184;0.7884901762008667;0.11500104516744614;7.2527364e-05;0.9825688600540161;0.9825688600540161;0.7987289428710938;0.11468296498060226;0.9804704189300537;0.9804704189300537
185;0.7720234990119934;0.1151440292596817;7.236663e-05;0.9819450974464417;0.9819450974464417;0.7794507145881653;0.11951467394828796;0.9790138006210327;0.9790138006210327
186;0.7841755747795105;0.11251810938119888;7.2205745e-05;0.9846383333206177;0.9846383333206177;0.8072424530982971;0.10721224546432495;0.98263019323349;0.98263019323349
187;0.7892727851867676;0.11730710417032242;7.2044706e-05;0.9807401299476624;0.9807401299476624;0.7903053164482117;0.1285066455602646;0.9764175415039062;0.9764175415039062
188;0.7819280624389648;0.11506924778223038;7.188351e-05;0.9809726476669312;0.9809726476669312;0.7898377776145935;0.11132526397705078;0.9822551012039185;0.9822551012039185
189;0.7784535884857178;0.11226478964090347;7.172214e-05;0.9830654263496399;0.9830654263496399;0.7603582143783569;0.14007309079170227;0.9764953255653381;0.9764953255653381
190;0.7842335104942322;0.11183734983205795;7.156063e-05;0.9822103381156921;0.9822103381156921;0.7719660997390747;0.10939115285873413;0.9828507900238037;0.9828507900238037
191;0.7662132382392883;0.11156015843153;7.139897e-05;0.9853414297103882;0.9853414297103882;0.8135337233543396;0.10382933169603348;0.9805008172988892;0.9805008172988892
192;0.785435140132904;0.11385641247034073;7.123715e-05;0.9822263121604919;0.9822263121604919;0.7875673174858093;0.11854109913110733;0.9810449481010437;0.9810449481010437
193;0.7783303260803223;0.11145392805337906;7.1075156e-05;0.9842827320098877;0.9842827320098877;0.7972117066383362;0.11681075394153595;0.9821279048919678;0.9821279048919678
194;0.7812950015068054;0.11225610971450806;7.091302e-05;0.9828349351882935;0.9828349351882935;0.7314596772193909;0.16721536219120026;0.9720472097396851;0.9720472097396851
195;0.7754884362220764;0.11545128375291824;7.075072e-05;0.9821801781654358;0.9821801781654358;0.8137893080711365;0.11736273765563965;0.9757025241851807;0.9757025241851807
196;0.7751744985580444;0.11230847239494324;7.0588256e-05;0.9835270047187805;0.9835270047187805;0.7350364923477173;0.17579613626003265;0.9678991436958313;0.9678991436958313
197;0.7834998965263367;0.11351323127746582;7.042564e-05;0.9814502000808716;0.9814502000808716;0.777991771697998;0.12958282232284546;0.9790027737617493;0.9790027737617493
198;0.7744482755661011;0.11318720132112503;7.026286e-05;0.9822476506233215;0.9822476506233215;0.7721646428108215;0.13103653490543365;0.9855448007583618;0.9855448007583618
199;0.7773075103759766;0.1128135621547699;7.0099915e-05;0.9829784035682678;0.9829784035682678;0.8002842664718628;0.11492447555065155;0.9840372204780579;0.9840372204780579
200;0.7821981310844421;0.11117780953645706;6.993682e-05;0.9838917255401611;0.9838917255401611;0.8022785782814026;0.1122029572725296;0.9778331518173218;0.9778331518173218
201;0.7811954617500305;0.11559367179870605;6.9773545e-05;0.9810507893562317;0.9810507893562317;0.7344314455986023;0.15781104564666748;0.9781594276428223;0.9781594276428223
202;0.7791750431060791;0.11512009799480438;6.961011e-05;0.9816852807998657;0.9816852807998657;0.8086016178131104;0.11073213815689087;0.9821292757987976;0.9821292757987976
203;0.7773009538650513;0.1129811629652977;6.944651e-05;0.9832104444503784;0.9832104444503784;0.8028308749198914;0.11747102439403534;0.9775952696800232;0.9775952696800232
204;0.7812384366989136;0.11576830595731735;6.928276e-05;0.9825800657272339;0.9825800657272339;0.7937158346176147;0.12011461704969406;0.9810095429420471;0.9810095429420471
205;0.7871997952461243;0.11357557773590088;6.911884e-05;0.9820627570152283;0.9820627570152283;0.801487386226654;0.12112326174974442;0.9753466248512268;0.9753466248512268
206;0.7758716940879822;0.11385100334882736;6.895474e-05;0.9823468327522278;0.9823468327522278;0.7879104018211365;0.11172991245985031;0.9835986495018005;0.9835986495018005
207;0.7860566973686218;0.11199340224266052;6.879047e-05;0.9841124415397644;0.9841124415397644;0.8038376569747925;0.1149139404296875;0.9788596034049988;0.9788596034049988
208;0.772026538848877;0.11470767110586166;6.862605e-05;0.9846459031105042;0.9846459031105042;0.8066065311431885;0.1035323441028595;0.98418128490448;0.98418128490448
209;0.7760937213897705;0.11578609049320221;6.846145e-05;0.9817169308662415;0.9817169308662415;0.7951757907867432;0.11306899785995483;0.9818580746650696;0.9818580746650696
210;0.7845030426979065;0.11176130920648575;6.829668e-05;0.983903706073761;0.983903706073761;0.7830219268798828;0.1253800243139267;0.9765834212303162;0.9765834212303162
211;0.7716153264045715;0.11154334247112274;6.813174e-05;0.9846169352531433;0.9846169352531433;0.7986085414886475;0.1197248250246048;0.9772698879241943;0.9772698879241943
212;0.7770865559577942;0.11591575294733047;6.796663e-05;0.9810951948165894;0.9810951948165894;0.797185480594635;0.1180925965309143;0.9765599966049194;0.9765599966049194
213;0.767355740070343;0.11317788809537888;6.7801346e-05;0.9853022694587708;0.9853022694587708;0.7428425550460815;0.12844005227088928;0.9794794917106628;0.9794794917106628
214;0.7853405475616455;0.1139480322599411;6.763589e-05;0.9816634654998779;0.9816634654998779;0.7833360433578491;0.11099359393119812;0.9820796847343445;0.9820796847343445
215;0.7805950045585632;0.1139887124300003;6.747026e-05;0.9832631945610046;0.9832631945610046;0.7988300919532776;0.12338026612997055;0.9746829867362976;0.9746829867362976
216;0.7887704968452454;0.11299986392259598;6.7304456e-05;0.9824705719947815;0.9824705719947815;0.7980607151985168;0.11288923025131226;0.9797406196594238;0.9797406196594238
217;0.7825871706008911;0.11363333463668823;6.713848e-05;0.9841746687889099;0.9841746687889099;0.8076407313346863;0.1160324439406395;0.9795049428939819;0.9795049428939819
218;0.7812052965164185;0.11481229215860367;6.697232e-05;0.981187105178833;0.981187105178833;0.7860503792762756;0.11423610895872116;0.9795989394187927;0.9795989394187927
219;0.7848387956619263;0.10893665999174118;6.6805995e-05;0.984670877456665;0.984670877456665;0.7985689043998718;0.12325851619243622;0.9767208695411682;0.9767208695411682
220;0.7766598463058472;0.11220724135637283;6.6639484e-05;0.9831921458244324;0.9831921458244324;0.7958022356033325;0.11963765323162079;0.9754222631454468;0.9754222631454468
221;0.7802059650421143;0.11319787055253983;6.647279e-05;0.9816468358039856;0.9816468358039856;0.8118640184402466;0.11511532217264175;0.9799640774726868;0.9799640774726868
222;0.7750236988067627;0.1144271045923233;6.630592e-05;0.9814983010292053;0.9814983010292053;0.7836273908615112;0.12003933638334274;0.9774643182754517;0.9774643182754517
223;0.7820573449134827;0.11106709390878677;6.613888e-05;0.9846218228340149;0.9846218228340149;0.78605055809021;0.11602610349655151;0.9814280867576599;0.9814280867576599
224;0.7820647954940796;0.1171375960111618;6.5971646e-05;0.9796757698059082;0.9796757698059082;0.804206907749176;0.11096588522195816;0.9773156642913818;0.9773155450820923
225;0.7908995747566223;0.10971993207931519;6.580423e-05;0.9823737740516663;0.9823737740516663;0.8081223964691162;0.11525893211364746;0.9766044616699219;0.9766044616699219
226;0.78204745054245;0.10986479371786118;6.563665e-05;0.9836839437484741;0.9836839437484741;0.7606479525566101;0.11317260563373566;0.9866381287574768;0.9866381287574768
227;0.7750990986824036;0.11682802438735962;6.546887e-05;0.981208860874176;0.981208860874176;0.7741643786430359;0.12417128682136536;0.9765139222145081;0.9765139222145081
228;0.7899542450904846;0.11146631836891174;6.530091e-05;0.9835919141769409;0.9835919141769409;0.8028392791748047;0.11108886450529099;0.9771921038627625;0.9771921038627625
229;0.7903168797492981;0.11355499178171158;6.513276e-05;0.9814401865005493;0.9814401865005493;0.8081813454627991;0.10788784921169281;0.982384204864502;0.982384204864502
230;0.7792099714279175;0.11553699523210526;6.496442e-05;0.9825494289398193;0.9825494289398193;0.7827428579330444;0.11004549264907837;0.9805047512054443;0.9805047512054443
231;0.7777040004730225;0.114596888422966;6.47959e-05;0.9815309047698975;0.9815309047698975;0.7896965742111206;0.10521557927131653;0.9860370755195618;0.9860370755195618
232;0.7877511382102966;0.1113673746585846;6.46272e-05;0.9826750755310059;0.9826750755310059;0.8130974173545837;0.11604690551757812;0.9772976636886597;0.9772976636886597
233;0.7776928544044495;0.11634944379329681;6.445831e-05;0.9815112352371216;0.9815112352371216;0.8156905770301819;0.10667842626571655;0.98287034034729;0.98287034034729
234;0.7879207730293274;0.11178523302078247;6.428922e-05;0.9803272485733032;0.9803272485733032;0.7960568070411682;0.10878477245569229;0.9825150966644287;0.9825150966644287
235;0.7890297174453735;0.11111260205507278;6.411994e-05;0.9808458089828491;0.9808458089828491;0.7735548615455627;0.13024692237377167;0.9731487035751343;0.9731487035751343
236;0.7815514802932739;0.11374915391206741;6.395047e-05;0.9811469912528992;0.9811469912528992;0.7999212741851807;0.10951494425535202;0.9848431944847107;0.9848431944847107
237;0.7793866395950317;0.11058461666107178;6.3780804e-05;0.983540415763855;0.983540415763855;0.7989620566368103;0.12124848365783691;0.9758996367454529;0.9758996367454529
238;0.778459370136261;0.11159192025661469;6.3610954e-05;0.9827944040298462;0.9827944040298462;0.7786739468574524;0.13431335985660553;0.9745580554008484;0.9745580554008484
239;0.7837139368057251;0.11297527700662613;6.34409e-05;0.9817587733268738;0.9817587733268738;0.8088580369949341;0.10550523549318314;0.9793402552604675;0.9793402552604675
240;0.7704455256462097;0.11331389844417572;6.327065e-05;0.9838327765464783;0.9838327765464783;0.8097575902938843;0.11823529005050659;0.979577362537384;0.979577362537384
241;0.777944803237915;0.11207806318998337;6.310021e-05;0.9822357296943665;0.9822357296943665;0.8036097884178162;0.10681364685297012;0.983791708946228;0.983791708946228
242;0.7876331210136414;0.11531126499176025;6.292957e-05;0.9815042614936829;0.9815042614936829;0.7322130799293518;0.1593790501356125;0.9775300025939941;0.9775300025939941
243;0.7827750444412231;0.11577267944812775;6.2758736e-05;0.9808983206748962;0.9808983206748962;0.8062229156494141;0.10619306564331055;0.9845252633094788;0.9845252633094788
244;0.7656705379486084;0.11326714605093002;6.258769e-05;0.9852890372276306;0.9852890372276306;0.8097996711730957;0.11491550505161285;0.9801427721977234;0.9801427721977234
245;0.769602358341217;0.11365047097206116;6.241645e-05;0.984235942363739;0.984235942363739;0.7653804421424866;0.1223004162311554;0.9808865189552307;0.9808865189552307
246;0.7915629744529724;0.11184404790401459;6.224502e-05;0.9824994206428528;0.9824994206428528;0.6841205954551697;0.21875393390655518;0.9676457047462463;0.9676457047462463
247;0.7820221185684204;0.11610063165426254;6.207338e-05;0.9802268147468567;0.9802268147468567;0.7875147461891174;0.11794652044773102;0.9784259796142578;0.9784259796142578
248;0.7783318161964417;0.11569518595933914;6.190153e-05;0.9825472235679626;0.9825472235679626;0.8178573846817017;0.12101449072360992;0.9734727740287781;0.9734727740287781
249;0.7878561019897461;0.11010292172431946;6.172947e-05;0.983850359916687;0.983850359916687;0.7849550843238831;0.11208762228488922;0.9832583665847778;0.9832583665847778
250;0.7746421694755554;0.1137901246547699;6.155722e-05;0.9832855463027954;0.9832855463027954;0.8086380362510681;0.11119773238897324;0.9752921462059021;0.9752921462059021
251;0.7828400135040283;0.11155657470226288;6.138475e-05;0.9824265241622925;0.9824265241622925;0.8057783246040344;0.10087021440267563;0.9838084578514099;0.9838084578514099
252;0.7858830690383911;0.11113544553518295;6.1212086e-05;0.9854023456573486;0.9854023456573486;0.7926298975944519;0.12197093665599823;0.9782655239105225;0.9782655239105225
253;0.7800160050392151;0.11240251362323761;6.103921e-05;0.9831261038780212;0.9831261038780212;0.8040708303451538;0.1122959703207016;0.9776233434677124;0.9776233434677124
254;0.7922196984291077;0.10917192697525024;6.086611e-05;0.9824499487876892;0.9824499487876892;0.7935146689414978;0.12049582600593567;0.9796046614646912;0.9796046614646912
255;0.7780313491821289;0.11076172441244125;6.0692808e-05;0.9849234819412231;0.9849234819412231;0.7918727993965149;0.1216617077589035;0.9771397113800049;0.9771397113800049
256;0.7838267683982849;0.113895483314991;6.0519294e-05;0.9825060963630676;0.9825060963630676;0.7823824882507324;0.11016029864549637;0.9856877326965332;0.9856877326965332
257;0.7720673084259033;0.1120714321732521;6.034557e-05;0.9843618273735046;0.9843618273735046;0.7785040736198425;0.1221218928694725;0.97772216796875;0.97772216796875
258;0.784536600112915;0.11585230380296707;6.0171627e-05;0.9801938533782959;0.9801938533782959;0.8179211616516113;0.10327757894992828;0.9818769693374634;0.9818769693374634
259;0.7883984446525574;0.11286882311105728;5.9997463e-05;0.983552873134613;0.983552873134613;0.8010953068733215;0.10825411975383759;0.9823966026306152;0.9823966026306152
260;0.7847836017608643;0.1160200983285904;5.9823094e-05;0.9816231727600098;0.9816231727600098;0.8105604648590088;0.11229109764099121;0.9768504500389099;0.9768504500389099
261;0.781559407711029;0.11338607221841812;5.96485e-05;0.9816111922264099;0.9816111922264099;0.7779009342193604;0.1116851419210434;0.9821387529373169;0.9821387529373169
262;0.7898232936859131;0.11340899765491486;5.9473685e-05;0.9813790321350098;0.9813790321350098;0.8165743350982666;0.10186201333999634;0.9859067797660828;0.9859067797660828
263;0.7834591269493103;0.1148972362279892;5.929865e-05;0.9818537831306458;0.9818537831306458;0.8007954955101013;0.10796716064214706;0.9830718636512756;0.9830718636512756
264;0.781990647315979;0.11214964091777802;5.9123395e-05;0.9819156527519226;0.9819156527519226;0.8043468594551086;0.12102755159139633;0.9758052825927734;0.9758052825927734
265;0.779400646686554;0.1098063588142395;5.894792e-05;0.983553946018219;0.983553946018219;0.7935534715652466;0.11404231190681458;0.9784802198410034;0.9784802198410034
266;0.7860605120658875;0.10987135022878647;5.8772217e-05;0.9851869940757751;0.9851869940757751;0.7957871556282043;0.11086933314800262;0.9815917611122131;0.9815917611122131
267;0.7854578495025635;0.11377567797899246;5.8596288e-05;0.9810919165611267;0.9810919165611267;0.7924184203147888;0.12103886902332306;0.9778918623924255;0.9778918623924255
268;0.781029999256134;0.11321154236793518;5.8420133e-05;0.981825053691864;0.981825053691864;0.7955782413482666;0.1356847733259201;0.9779557585716248;0.9779557585716248
269;0.7773910760879517;0.11335821449756622;5.8243757e-05;0.9817047119140625;0.9817047119140625;0.797033965587616;0.11559568345546722;0.9808734655380249;0.9808734655380249
270;0.7813292741775513;0.11203255504369736;5.806714e-05;0.9837093353271484;0.9837093353271484;0.7766618132591248;0.12594465911388397;0.9822508692741394;0.9822508692741394
271;0.7814508080482483;0.10970280319452286;5.7890305e-05;0.9841403961181641;0.9841403961181641;0.8019449710845947;0.10163011401891708;0.9840832352638245;0.9840832352638245
272;0.7739315629005432;0.1130361557006836;5.7713227e-05;0.9838541150093079;0.9838541150093079;0.8042996525764465;0.1159546822309494;0.9778904318809509;0.9778904318809509
273;0.7852417230606079;0.10711678862571716;5.7535926e-05;0.9869030714035034;0.9869030714035034;0.8038906455039978;0.10479192435741425;0.9827919006347656;0.9827919006347656
274;0.7831599116325378;0.11055196076631546;5.7358382e-05;0.9817999005317688;0.9817999005317688;0.8005247712135315;0.12130527198314667;0.9756525158882141;0.9756525158882141
275;0.7907884120941162;0.11227815598249435;5.7180605e-05;0.9800228476524353;0.9800228476524353;0.8148583173751831;0.1005813255906105;0.9821395874023438;0.9821395874023438
276;0.7806950211524963;0.11565881222486496;5.700259e-05;0.9817531704902649;0.9817531704902649;0.7913095951080322;0.11394772678613663;0.9812925457954407;0.9812925457954407
277;0.7906439304351807;0.11127334833145142;5.6824338e-05;0.98357093334198;0.98357093334198;0.776100754737854;0.12052582949399948;0.9844080209732056;0.9844080209732056
278;0.7775845527648926;0.11220640689134598;5.664585e-05;0.9829372763633728;0.9829372763633728;0.7819341421127319;0.12194082885980606;0.9760416150093079;0.9760416150093079
279;0.7826843857765198;0.11049612611532211;5.646711e-05;0.9838216304779053;0.9838216304779053;0.7963643074035645;0.11553269624710083;0.9827408790588379;0.9827408790588379
280;0.7873663306236267;0.10780048370361328;5.6288132e-05;0.9841894507408142;0.9841894507408142;0.7920885682106018;0.10906478762626648;0.9807533025741577;0.9807533025741577
281;0.7702954411506653;0.11303551495075226;5.6108922e-05;0.9829612970352173;0.9829612970352173;0.7932420969009399;0.11393570154905319;0.977921187877655;0.977921187877655
282;0.7848357558250427;0.11135893315076828;5.5929446e-05;0.9821091294288635;0.9821091294288635;0.8060852289199829;0.107864148914814;0.9806148409843445;0.9806148409843445
283;0.7857934236526489;0.11222558468580246;5.5749737e-05;0.982121467590332;0.982121467590332;0.7807481288909912;0.1064935028553009;0.9853535294532776;0.9853535294532776
284;0.7832176089286804;0.11428436636924744;5.5569766e-05;0.9823710918426514;0.9823710918426514;0.7837879061698914;0.11884813010692596;0.9778022170066833;0.9778022170066833
285;0.7795308828353882;0.11404584348201752;5.538956e-05;0.981721818447113;0.981721818447113;0.7990826964378357;0.11581288278102875;0.982269287109375;0.982269287109375
286;0.7841382026672363;0.11328452825546265;5.5209093e-05;0.9800616502761841;0.9800616502761841;0.8034370541572571;0.11154139786958694;0.9775981307029724;0.9775981307029724
287;0.7771556973457336;0.11284314095973969;5.5028373e-05;0.9833531379699707;0.9833531379699707;0.8112029433250427;0.11603154987096786;0.978324830532074;0.978324830532074
288;0.7785109281539917;0.11207844316959381;5.4847405e-05;0.9824655652046204;0.9824655652046204;0.8181638121604919;0.10299825668334961;0.981968104839325;0.981968104839325
289;0.7806951999664307;0.11342407763004303;5.4666172e-05;0.9805542230606079;0.9805542230606079;0.8165105581283569;0.10757295787334442;0.9812350273132324;0.9812350273132324
290;0.7900881767272949;0.1115095391869545;5.4484688e-05;0.9819377660751343;0.9819377660751343;0.7819091081619263;0.1170569434762001;0.9815154671669006;0.9815154671669006
291;0.7809839844703674;0.11316099017858505;5.4302942e-05;0.9829285740852356;0.9829285740852356;0.7934699654579163;0.11906253546476364;0.9758557081222534;0.9758557081222534
292;0.7816914319992065;0.11281206458806992;5.4120937e-05;0.9830527305603027;0.9830527305603027;0.8038821220397949;0.13395725190639496;0.9740303754806519;0.9740303754806519
293;0.7876174449920654;0.1135818138718605;5.3938667e-05;0.981115460395813;0.981115460395813;0.7939444780349731;0.11961494386196136;0.9803286194801331;0.9803286194801331
294;0.7814333438873291;0.1080603376030922;5.375614e-05;0.986534059047699;0.986534059047699;0.799547553062439;0.10877952724695206;0.9784412980079651;0.9784412980079651
295;0.77546626329422;0.11055374890565872;5.3573338e-05;0.9843528866767883;0.9843528866767883;0.7918617129325867;0.1176355630159378;0.9776967763900757;0.9776967763900757
296;0.7909162044525146;0.10981893539428711;5.3390264e-05;0.9832828640937805;0.9832828640937805;0.7682219743728638;0.12133076041936874;0.9817249178886414;0.9817248582839966
297;0.7903133630752563;0.11186843365430832;5.320694e-05;0.9836971163749695;0.9836971163749695;0.8050153851509094;0.111605703830719;0.9784365296363831;0.9784365296363831
298;0.7866361737251282;0.11528173089027405;5.3023326e-05;0.9796700477600098;0.9796700477600098;0.7986565232276917;0.11047353595495224;0.9808536767959595;0.9808536767959595
299;0.7850786447525024;0.11279487609863281;5.2839445e-05;0.981117308139801;0.981117308139801;0.7979930639266968;0.10965098440647125;0.9807794094085693;0.9807794094085693
300;0.7816178798675537;0.10670121759176254;5.2655283e-05;0.9845926761627197;0.9845926761627197;0.7857481837272644;0.11765046417713165;0.9777489304542542;0.9777489304542542
301;0.7847161889076233;0.10799261927604675;5.2470856e-05;0.9841153621673584;0.9841153621673584;0.7945761680603027;0.11695689707994461;0.9781475067138672;0.9781475067138672
302;0.7894222736358643;0.11154363304376602;5.228615e-05;0.9826899170875549;0.9826899170875549;0.7957996129989624;0.11964347213506699;0.9775201678276062;0.9775201678276062
303;0.7836952805519104;0.11156152188777924;5.2101157e-05;0.9845938682556152;0.9845938682556152;0.7914345860481262;0.1270526796579361;0.9747646450996399;0.9747646450996399
304;0.783776581287384;0.11152097582817078;5.1915882e-05;0.985440194606781;0.985440194606781;0.8116435408592224;0.11066841334104538;0.9792999625205994;0.9792999625205994
305;0.7906625270843506;0.11134357750415802;5.1730323e-05;0.9809824228286743;0.9809823036193848;0.800064742565155;0.11169475317001343;0.9819720983505249;0.9819720983505249
306;0.7813330888748169;0.11356727033853531;5.154448e-05;0.9816956520080566;0.9816956520080566;0.8109482526779175;0.1209668293595314;0.9724544286727905;0.9724544286727905
307;0.8008677959442139;0.11004102230072021;5.1358355e-05;0.9823624491691589;0.9823624491691589;0.7896946668624878;0.12514565885066986;0.9746994376182556;0.9746994376182556
308;0.793065071105957;0.10924515128135681;5.117194e-05;0.9855104088783264;0.9855104088783264;0.8116883039474487;0.11175691336393356;0.9800926446914673;0.9800926446914673
309;0.7980054616928101;0.11490233987569809;5.098523e-05;0.9831794500350952;0.9831794500350952;0.789175808429718;0.11325404047966003;0.9782097935676575;0.9782097935676575
310;0.7829998135566711;0.11168914288282394;5.0798226e-05;0.9840651750564575;0.9840651750564575;0.7725334763526917;0.11612216383218765;0.9832640290260315;0.9832640290260315
311;0.7898300886154175;0.10998884588479996;5.061092e-05;0.9813226461410522;0.9813226461410522;0.8011415004730225;0.11696375906467438;0.9759006500244141;0.9759006500244141
312;0.7899767756462097;0.11173691600561142;5.042332e-05;0.9808588624000549;0.9808588624000549;0.7962159514427185;0.11053495109081268;0.9792442321777344;0.9792442321777344
313;0.7871655821800232;0.10955237597227097;5.023543e-05;0.9832346439361572;0.9832346439361572;0.7925100922584534;0.11665163189172745;0.980414092540741;0.980414092540741
314;0.7844520211219788;0.11333490163087845;5.0047223e-05;0.9808558225631714;0.9808558225631714;0.7974234223365784;0.1181793287396431;0.9783340096473694;0.9783340096473694
315;0.7748961448669434;0.11132676899433136;4.9858725e-05;0.9839845299720764;0.9839845299720764;0.7557318210601807;0.12845689058303833;0.9781184196472168;0.9781184196472168
316;0.770380437374115;0.11411915719509125;4.9669914e-05;0.9833639860153198;0.9833639860153198;0.7868391871452332;0.11386626958847046;0.9800154566764832;0.9800154566764832
317;0.7814002633094788;0.11185426265001297;4.94808e-05;0.9839242100715637;0.9839242100715637;0.7987410426139832;0.10971067100763321;0.983145534992218;0.983145534992218
318;0.7884309887886047;0.10897442698478699;4.929138e-05;0.9832779765129089;0.9832779765129089;0.7846578359603882;0.11842557787895203;0.9779855608940125;0.9779855608940125
319;0.7888802289962769;0.1134248897433281;4.9101636e-05;0.9808754920959473;0.9808754920959473;0.8090904355049133;0.105305515229702;0.9851226806640625;0.9851226806640625
320;0.7854201793670654;0.11082542687654495;4.8911585e-05;0.983428955078125;0.983428955078125;0.8061966300010681;0.11817280948162079;0.9728391766548157;0.9728391766548157
321;0.7955226302146912;0.10907241702079773;4.872121e-05;0.9827962517738342;0.9827962517738342;0.8024781346321106;0.1260785013437271;0.9782305359840393;0.9782305359840393
322;0.7866470217704773;0.10875733941793442;4.8530525e-05;0.9844229817390442;0.9844229817390442;0.814856231212616;0.12554077804088593;0.9707515835762024;0.9707515835762024
323;0.7899160981178284;0.1137576624751091;4.833951e-05;0.9801739454269409;0.9801739454269409;0.7894433736801147;0.10389924794435501;0.9835171103477478;0.9835171103477478
324;0.7773117423057556;0.11247260123491287;4.8148177e-05;0.986314594745636;0.986314594745636;0.7865331172943115;0.11747196316719055;0.9774962663650513;0.9774962663650513
325;0.7841280698776245;0.11007021367549896;4.795652e-05;0.9848553538322449;0.9848553538322449;0.7954863905906677;0.1022520512342453;0.9842403531074524;0.9842402338981628
326;0.7858112454414368;0.11063835769891739;4.7764523e-05;0.9833292365074158;0.9833292365074158;0.8102584481239319;0.11412040144205093;0.9784557223320007;0.9784557223320007
327;0.7881485223770142;0.11132334917783737;4.75722e-05;0.983298122882843;0.983298122882843;0.7972519993782043;0.11587607115507126;0.9804113507270813;0.9804113507270813
328;0.79420405626297;0.11130353063344955;4.7379544e-05;0.9829269051551819;0.9829269051551819;0.7916455268859863;0.11406210064888;0.9799035787582397;0.9799035787582397
329;0.784744381904602;0.11089050024747849;4.7186557e-05;0.9823710918426514;0.9823710918426514;0.7951496243476868;0.11377323418855667;0.9793633818626404;0.9793633818626404
330;0.7789112329483032;0.11027685552835464;4.6993224e-05;0.9849124550819397;0.9849124550819397;0.7961449027061462;0.11508191376924515;0.9815648794174194;0.9815648794174194
331;0.7887469530105591;0.1093706265091896;4.6799552e-05;0.9852807521820068;0.9852807521820068;0.8019078969955444;0.11465281248092651;0.9749578237533569;0.9749578237533569
332;0.7723420262336731;0.11239147186279297;4.660554e-05;0.9834948778152466;0.9834948778152466;0.8040773868560791;0.1206737533211708;0.9724507331848145;0.9724507331848145
333;0.788974404335022;0.11077169328927994;4.641117e-05;0.9811022877693176;0.9811022877693176;0.7997616529464722;0.1124575138092041;0.9808686971664429;0.9808686971664429
334;0.7897051572799683;0.10850170254707336;4.6216457e-05;0.9837576746940613;0.9837576746940613;0.8027405738830566;0.10096268355846405;0.9831937551498413;0.9831937551498413
335;0.7857212424278259;0.11392661184072495;4.602139e-05;0.9815986156463623;0.9815986156463623;0.7903315424919128;0.10417339205741882;0.9888123273849487;0.9888123273849487
336;0.7920814156532288;0.10747108608484268;4.582597e-05;0.9834595918655396;0.9834595918655396;0.8056871294975281;0.12133074551820755;0.9761530756950378;0.9761530756950378
337;0.7848240733146667;0.1113513633608818;4.5630193e-05;0.9820279479026794;0.9820279479026794;0.7717435956001282;0.10227756947278976;0.9871451258659363;0.9871451258659363
338;0.7795022130012512;0.11403879523277283;4.5434055e-05;0.9806621074676514;0.9806621074676514;0.8094066381454468;0.11169341206550598;0.9785833954811096;0.9785833954811096
339;0.792489230632782;0.1120930016040802;4.5237553e-05;0.9827522039413452;0.9827522039413452;0.7969370484352112;0.12086303532123566;0.9783337712287903;0.9783337712287903
340;0.7865299582481384;0.10904888808727264;4.5040684e-05;0.983877420425415;0.983877420425415;0.8039507865905762;0.1137506440281868;0.9776445627212524;0.9776445627212524
341;0.7845576405525208;0.11077648401260376;4.4843448e-05;0.9827835559844971;0.9827835559844971;0.7979373335838318;0.11226214468479156;0.9797945618629456;0.979794442653656
342;0.7931259870529175;0.1075812578201294;4.4645836e-05;0.9834336042404175;0.9834336042404175;0.7850685119628906;0.11655353754758835;0.9811244606971741;0.9811244606971741
343;0.7845195531845093;0.11197426170110703;4.444785e-05;0.9825602769851685;0.9825602769851685;0.7904167771339417;0.1274583786725998;0.9778677225112915;0.9778677225112915
344;0.7788282036781311;0.11101400852203369;4.424948e-05;0.982694685459137;0.982694685459137;0.7982332110404968;0.11533638834953308;0.9771777987480164;0.9771777987480164
345;0.7807996869087219;0.10842978954315186;4.4050736e-05;0.9849680066108704;0.9849680066108704;0.800106406211853;0.11468079686164856;0.9762036800384521;0.9762036800384521
346;0.778560996055603;0.11193175613880157;4.3851607e-05;0.9825184345245361;0.9825184345245361;0.7995855212211609;0.11845778673887253;0.9754830002784729;0.9754830002784729
347;0.7908822298049927;0.11052867770195007;4.3652086e-05;0.9801827669143677;0.9801827669143677;0.8091767430305481;0.11440788954496384;0.9748657941818237;0.9748657941818237
348;0.7832620739936829;0.1094997301697731;4.3452175e-05;0.9814646244049072;0.9814646244049072;0.8059455156326294;0.10632705688476562;0.9804642796516418;0.9804642796516418
349;0.7847000360488892;0.11142002791166306;4.3251865e-05;0.9814215302467346;0.9814215302467346;0.7963928580284119;0.12150564044713974;0.9773896336555481;0.9773896336555481
350;0.7889653444290161;0.10894005745649338;4.305116e-05;0.9830811619758606;0.9830811619758606;0.7874187231063843;0.10835105180740356;0.9869206547737122;0.9869206547737122
351;0.7962114214897156;0.10820028185844421;4.285005e-05;0.9821628332138062;0.9821628332138062;0.8023272752761841;0.11403131484985352;0.9763317704200745;0.9763317704200745
352;0.7905075550079346;0.11307484656572342;4.264854e-05;0.9811981320381165;0.9811981320381165;0.7881512641906738;0.1198393777012825;0.9812899231910706;0.9812899231910706
353;0.7840865254402161;0.11071766167879105;4.2446623e-05;0.9842447638511658;0.9842447638511658;0.8012470006942749;0.12147822231054306;0.9779713749885559;0.9779713749885559
354;0.792870044708252;0.11214258521795273;4.2244283e-05;0.9801569581031799;0.9801569581031799;0.8027138113975525;0.10144831985235214;0.9853824973106384;0.9853824973106384
355;0.785743772983551;0.1094183623790741;4.204154e-05;0.9831730723381042;0.9831730723381042;0.794411838054657;0.11405761539936066;0.979397177696228;0.979397177696228
356;0.7947399020195007;0.10970652848482132;4.1838368e-05;0.9828572869300842;0.9828572869300842;0.8065746426582336;0.09907195717096329;0.9857519268989563;0.9857519268989563
357;0.7893253564834595;0.11137670278549194;4.1634776e-05;0.9841066598892212;0.9841066598892212;0.7867317795753479;0.12598706781864166;0.9739301800727844;0.9739301800727844
358;0.7863470911979675;0.10948356240987778;4.143075e-05;0.9840835928916931;0.9840835928916931;0.7783364653587341;0.1247144490480423;0.9769087433815002;0.9769087433815002
359;0.787803053855896;0.11133405566215515;4.12263e-05;0.9833382368087769;0.9833382368087769;0.7975109219551086;0.10826703906059265;0.9810926914215088;0.9810926914215088
360;0.7939659953117371;0.10863589495420456;4.102141e-05;0.982882559299469;0.982882559299469;0.7746361494064331;0.11515990644693375;0.9819897413253784;0.9819897413253784
361;0.7847434282302856;0.1138475239276886;4.0816085e-05;0.9804540872573853;0.9804540872573853;0.8096528053283691;0.10548517107963562;0.9860021471977234;0.9860021471977234
362;0.7889553308486938;0.11112667620182037;4.0610314e-05;0.982438862323761;0.982438862323761;0.8077619075775146;0.10369791835546494;0.9819229245185852;0.9819229245185852
363;0.7881855964660645;0.11147326976060867;4.0404095e-05;0.9822964072227478;0.9822964072227478;0.798780620098114;0.1040552631020546;0.9828358292579651;0.9828358292579651
364;0.7868325114250183;0.11216151714324951;4.019743e-05;0.9823819398880005;0.9823819398880005;0.7912176251411438;0.10735329240560532;0.9851690530776978;0.9851690530776978
365;0.7765674591064453;0.10896886885166168;3.9990297e-05;0.985051155090332;0.985051155090332;0.8076309561729431;0.11515352874994278;0.9784278273582458;0.9784278273582458
366;0.7916585206985474;0.11222700774669647;3.9782706e-05;0.9834330081939697;0.9834330081939697;0.8033477067947388;0.11332866549491882;0.9811200499534607;0.9811200499534607
367;0.7799366116523743;0.1110261082649231;3.957465e-05;0.9822986721992493;0.9822986721992493;0.7953909039497375;0.11992339789867401;0.9756678938865662;0.9756678938865662
368;0.7932548522949219;0.10976847261190414;3.9366136e-05;0.9830925464630127;0.9830925464630127;0.8131284117698669;0.11703982204198837;0.9752642512321472;0.9752642512321472
369;0.7891069054603577;0.10897767543792725;3.9157138e-05;0.9843813180923462;0.9843813180923462;0.7926759123802185;0.10661964863538742;0.9827389121055603;0.9827389121055603
370;0.7847986817359924;0.11163352429866791;3.8947655e-05;0.9810528755187988;0.9810528755187988;0.8038137555122375;0.10369067639112473;0.9857097268104553;0.9857097268104553
371;0.786435067653656;0.11178489029407501;3.8737697e-05;0.9814683794975281;0.9814683794975281;0.8211873769760132;0.11170384287834167;0.9805067181587219;0.9805067181587219
372;0.7855444550514221;0.10864146798849106;3.8527247e-05;0.9824604392051697;0.9824604392051697;0.7923597097396851;0.11251780390739441;0.9775297045707703;0.9775297045707703
373;0.7950415015220642;0.10632787644863129;3.8316302e-05;0.9839312434196472;0.9839312434196472;0.797794759273529;0.11222648620605469;0.9812543988227844;0.9812543988227844
374;0.7850415110588074;0.11097393929958344;3.810486e-05;0.9831883311271667;0.9831883311271667;0.7759040594100952;0.12807486951351166;0.9764131307601929;0.9764131307601929
375;0.7854703664779663;0.10830188542604446;3.7892914e-05;0.9835572242736816;0.9835572242736816;0.7738867402076721;0.11558223515748978;0.9813143610954285;0.9813143610954285
376;0.7979528903961182;0.112285315990448;3.7680456e-05;0.9824719429016113;0.9824719429016113;0.8141327500343323;0.1152382418513298;0.9794216752052307;0.9794216752052307
377;0.7879758477210999;0.11052598059177399;3.746749e-05;0.9829532504081726;0.9829532504081726;0.7941720485687256;0.12677770853042603;0.972776472568512;0.972776472568512
378;0.7856274247169495;0.1080644354224205;3.7253994e-05;0.9851961731910706;0.9851961731910706;0.8060665130615234;0.10998643189668655;0.9796298742294312;0.9796298742294312
379;0.7898985147476196;0.10905351489782333;3.703998e-05;0.9830916523933411;0.9830916523933411;0.7930067181587219;0.10694663226604462;0.9817209839820862;0.9817209839820862
380;0.7839338183403015;0.11126794666051865;3.6825433e-05;0.9814779162406921;0.9814779162406921;0.7962924242019653;0.1180838942527771;0.9769951105117798;0.9769951105117798
381;0.790485680103302;0.11047937721014023;3.661034e-05;0.983000636100769;0.983000636100769;0.8078072667121887;0.11342822015285492;0.9783627986907959;0.9783627986907959
382;0.7889312505722046;0.10887563973665237;3.639472e-05;0.9827473163604736;0.9827473163604736;0.797569215297699;0.11601240932941437;0.9794719815254211;0.9794719815254211
383;0.7881746292114258;0.1126873567700386;3.617855e-05;0.9815319776535034;0.9815319776535034;0.8062076568603516;0.10517054796218872;0.9821648001670837;0.9821648001670837
384;0.786881148815155;0.10645319521427155;3.5961813e-05;0.9856458902359009;0.9856458902359009;0.7810368537902832;0.11135251820087433;0.9822945594787598;0.9822945594787598
385;0.7845887541770935;0.10689064115285873;3.5744524e-05;0.9832906723022461;0.9832906723022461;0.8011940121650696;0.10914167016744614;0.981656014919281;0.981656014919281
386;0.7871663570404053;0.11167434602975845;3.552666e-05;0.983039915561676;0.983039915561676;0.8112484216690063;0.11714336276054382;0.980446994304657;0.980446994304657
387;0.7906994223594666;0.11229851841926575;3.5308225e-05;0.9807798862457275;0.9807798862457275;0.8104041814804077;0.10223039239645004;0.9842829704284668;0.9842829704284668
388;0.7935597896575928;0.11115831881761551;3.5089204e-05;0.9814571738243103;0.9814571738243103;0.7907714247703552;0.1113443598151207;0.9841028451919556;0.9841028451919556
389;0.7868792414665222;0.1047157496213913;3.4869605e-05;0.9845189452171326;0.9845189452171326;0.8128054141998291;0.11403924226760864;0.9795079231262207;0.9795079231262207
390;0.7981159090995789;0.11030160635709763;3.4649413e-05;0.9836851954460144;0.9836851954460144;0.7947865128517151;0.1199379712343216;0.9762570858001709;0.9762570858001709
391;0.795357882976532;0.11114270985126495;3.4428613e-05;0.9815738201141357;0.9815738201141357;0.8096292018890381;0.10424415022134781;0.9859431982040405;0.9859431982040405
392;0.7958897948265076;0.10788210481405258;3.420721e-05;0.9813904762268066;0.9813904762268066;0.8026475310325623;0.10315544903278351;0.9843286275863647;0.9843286275863647
393;0.7877854108810425;0.11284983903169632;3.398518e-05;0.9829963445663452;0.9829963445663452;0.8008722066879272;0.10949082672595978;0.9823082685470581;0.9823082685470581
394;0.7882335782051086;0.10593854635953903;3.376254e-05;0.9843632578849792;0.9843632578849792;0.8125364780426025;0.11645626276731491;0.9731591939926147;0.9731591939926147
395;0.783608078956604;0.10883130878210068;3.3539258e-05;0.984727144241333;0.984727144241333;0.7908717393875122;0.1135939508676529;0.9799793362617493;0.9799793362617493
396;0.7834199070930481;0.11084452271461487;3.3315348e-05;0.9818816184997559;0.9818816184997559;0.7942609190940857;0.10955106467008591;0.9816803336143494;0.9816803336143494
397;0.7889556288719177;0.11059136688709259;3.309078e-05;0.9809749722480774;0.9809749722480774;0.7697758674621582;0.15034982562065125;0.9707795977592468;0.9707795977592468
398;0.786736011505127;0.10818979889154434;3.2865566e-05;0.9850606918334961;0.9850606918334961;0.784453272819519;0.11845045536756516;0.9806075692176819;0.9806075692176819
399;0.7966634631156921;0.10513556003570557;3.2639688e-05;0.9846136569976807;0.9846136569976807;0.79730224609375;0.10790543258190155;0.9813902378082275;0.9813902378082275
400;0.7924888134002686;0.10727889835834503;3.241313e-05;0.9854824542999268;0.9854824542999268;0.7897765040397644;0.10531114786863327;0.9843693375587463;0.9843693375587463
401;0.7929102778434753;0.10859892517328262;3.21859e-05;0.9821600317955017;0.9821600317955017;0.8166530728340149;0.10699106007814407;0.9790810942649841;0.9790810346603394
402;0.7916163802146912;0.10894274711608887;3.195797e-05;0.981957733631134;0.981957733631134;0.7811830639839172;0.11157036572694778;0.9810792803764343;0.9810792803764343
403;0.7913944721221924;0.1066366508603096;3.1729356e-05;0.9828407168388367;0.9828407168388367;0.7997214198112488;0.1162940114736557;0.9762886166572571;0.9762886166572571
404;0.775863766670227;0.11098937690258026;3.1500014e-05;0.9835044145584106;0.9835044145584106;0.7893182635307312;0.1010916531085968;0.9870995879173279;0.9870995879173279
405;0.779198944568634;0.11110750585794449;3.1269974e-05;0.9829124808311462;0.9829124808311462;0.8007908463478088;0.10708809643983841;0.9794170260429382;0.9794170260429382
406;0.7940514087677002;0.10977255553007126;3.1039206e-05;0.9806523323059082;0.9806523323059082;0.7847851514816284;0.10354776680469513;0.9857247471809387;0.9857247471809387
407;0.7847486734390259;0.10743734240531921;3.0807685e-05;0.9837828278541565;0.9837828278541565;0.8212044835090637;0.11237361282110214;0.9774176478385925;0.9774176478385925
408;0.797549843788147;0.10454624891281128;3.0575422e-05;0.9851958155632019;0.9851958155632019;0.7865592241287231;0.11314509063959122;0.9831726551055908;0.9831726551055908
409;0.7892686128616333;0.10855230689048767;3.0342399e-05;0.9821580648422241;0.9821580648422241;0.7832450270652771;0.1144559383392334;0.9795907735824585;0.9795907735824585
410;0.7860578298568726;0.10763470828533173;3.0108615e-05;0.984219491481781;0.984219491481781;0.8091447949409485;0.11168693751096725;0.9769560694694519;0.9769560694694519
411;0.7846705913543701;0.11199183017015457;2.9874038e-05;0.9805317521095276;0.9805317521095276;0.8187516927719116;0.10312630981206894;0.9808809161186218;0.9808809161186218
412;0.7817466259002686;0.11340457201004028;2.963868e-05;0.9818099141120911;0.9818099141120911;0.7778108716011047;0.1152564212679863;0.9814428091049194;0.9814428091049194
413;0.7727665305137634;0.11274662613868713;2.9402514e-05;0.9824566841125488;0.9824566841125488;0.8007505536079407;0.10643472522497177;0.9802829027175903;0.9802829027175903
414;0.7838532328605652;0.11135213077068329;2.9165529e-05;0.9823941588401794;0.9823941588401794;0.7868745923042297;0.10681833326816559;0.9820672869682312;0.9820672869682312
415;0.7961902618408203;0.108088418841362;2.8927729e-05;0.9838907122612;0.9838907122612;0.7941696047782898;0.10613832622766495;0.9847276210784912;0.9847276210784912
416;0.7956244349479675;0.10835877805948257;2.868907e-05;0.9836905598640442;0.9836905598640442;0.8079062700271606;0.1032121479511261;0.9828220009803772;0.9828220009803772
417;0.7866148352622986;0.1069977656006813;2.8449567e-05;0.9852997064590454;0.9852997064590454;0.8115360140800476;0.11326851695775986;0.9784295558929443;0.9784295558929443
418;0.7830517888069153;0.11112425476312637;2.8209193e-05;0.9838839173316956;0.9838839173316956;0.817218542098999;0.10571976006031036;0.9830929040908813;0.9830929040908813
419;0.7863105535507202;0.10931087285280228;2.7967944e-05;0.98291015625;0.98291015625;0.7984640598297119;0.10417158901691437;0.9821136593818665;0.9821136593818665
420;0.7915858030319214;0.10615342855453491;2.7725797e-05;0.9858233332633972;0.9858233332633972;0.8067302107810974;0.11602301895618439;0.9804261326789856;0.9804261326789856
421;0.7923740744590759;0.11180988699197769;2.7482736e-05;0.9814242124557495;0.9814242124557495;0.7890851497650146;0.1085352823138237;0.9810462594032288;0.9810462594032288
422;0.7884005904197693;0.10383760184049606;2.723875e-05;0.985819935798645;0.985819935798645;0.8098229765892029;0.1042715534567833;0.980247437953949;0.980247437953949
423;0.7886540293693542;0.10642756521701813;2.6993832e-05;0.9842770099639893;0.9842770099639893;0.7877748012542725;0.10193926095962524;0.9879050850868225;0.9879050850868225
424;0.7825573086738586;0.10653853416442871;2.674795e-05;0.9845002293586731;0.9845002293586731;0.810508668422699;0.11129436641931534;0.979728639125824;0.979728639125824
425;0.7887322306632996;0.10923266410827637;2.6501095e-05;0.9835469722747803;0.9835469722747803;0.7929959297180176;0.11662199348211288;0.9771336913108826;0.9771336913108826
426;0.788003146648407;0.10645541548728943;2.625326e-05;0.9842218160629272;0.9842218160629272;0.8031252026557922;0.11484234035015106;0.9770485162734985;0.9770485162734985
427;0.7856575846672058;0.10637807101011276;2.6004413e-05;0.9868902564048767;0.9868902564048767;0.8111461997032166;0.10700158774852753;0.9815466403961182;0.9815466403961182
428;0.783333957195282;0.10631054639816284;2.5754534e-05;0.9868907332420349;0.9868907332420349;0.8156139254570007;0.10240954905748367;0.9803268313407898;0.9803268313407898
429;0.7912877798080444;0.1112414225935936;2.5503623e-05;0.9818829298019409;0.9818829298019409;0.798524022102356;0.1178302988409996;0.9755778908729553;0.9755778908729553
430;0.7907461524009705;0.10967795550823212;2.5251642e-05;0.9825958013534546;0.9825958013534546;0.8059605360031128;0.1115064024925232;0.9783245325088501;0.9783245325088501
431;0.7845670580863953;0.11105065047740936;2.4998584e-05;0.9818742871284485;0.9818742871284485;0.8112718462944031;0.10619735717773438;0.9827846884727478;0.9827846884727478
432;0.7953211665153503;0.10634088516235352;2.4744417e-05;0.9830012321472168;0.9830012321472168;0.8158723711967468;0.09848435968160629;0.982443630695343;0.982443630695343
433;0.7946304678916931;0.1062895730137825;2.4489129e-05;0.9841890931129456;0.9841890931129456;0.8242937326431274;0.11786799132823944;0.9742749929428101;0.9742749929428101
434;0.7941570281982422;0.10685702413320541;2.4232699e-05;0.9845146536827087;0.9845146536827087;0.8151317238807678;0.11331993341445923;0.980958104133606;0.980958104133606
435;0.7907426953315735;0.10505590587854385;2.3975097e-05;0.9848791360855103;0.9848791360855103;0.8046396374702454;0.1235470324754715;0.9757413268089294;0.9757413268089294
436;0.7805383801460266;0.11107166856527328;2.3716306e-05;0.9842614531517029;0.9842614531517029;0.7821551561355591;0.12215504795312881;0.97748863697052;0.97748863697052
437;0.8010292053222656;0.11029663681983948;2.345629e-05;0.9834265112876892;0.9834265112876892;0.8093079924583435;0.11727805435657501;0.9759888052940369;0.9759888052940369
438;0.7846801280975342;0.10739459842443466;2.3195043e-05;0.9851502776145935;0.9851502776145935;0.7981851696968079;0.10877630114555359;0.981665313243866;0.981665313243866
439;0.7926003932952881;0.10757271200418472;2.2932525e-05;0.9828146696090698;0.9828146696090698;0.8025794625282288;0.11342126131057739;0.9759950041770935;0.9759950041770935
440;0.7853562831878662;0.10873758792877197;2.2668713e-05;0.9848559498786926;0.9848559498786926;0.7899150848388672;0.10652285814285278;0.9837130904197693;0.9837130904197693
441;0.7909803986549377;0.10624175518751144;2.2403576e-05;0.9838516712188721;0.9838516712188721;0.8085318803787231;0.11387383192777634;0.9763279557228088;0.9763279557228088
442;0.7948421239852905;0.1066269651055336;2.2137094e-05;0.9844548106193542;0.9844548106193542;0.8140409588813782;0.10326078534126282;0.9820963144302368;0.9820963144302368
443;0.7952398657798767;0.11097966134548187;2.1869228e-05;0.9837424159049988;0.9837424159049988;0.7934439182281494;0.10618790239095688;0.9825513958930969;0.9825513958930969
444;0.802524983882904;0.11000989377498627;2.1599943e-05;0.9807482957839966;0.9807482957839966;0.8022815585136414;0.10814941674470901;0.9825296998023987;0.9825296998023987
445;0.7890747785568237;0.10486321151256561;2.1329217e-05;0.9842752814292908;0.9842752814292908;0.8114562034606934;0.11376291513442993;0.9762035608291626;0.9762035608291626
446;0.7928737998008728;0.1088026762008667;2.1057005e-05;0.9825584888458252;0.9825584888458252;0.8039808869361877;0.11128050088882446;0.9809926748275757;0.9809926748275757
447;0.79889976978302;0.10558082908391953;2.078328e-05;0.9832198619842529;0.9832198619842529;0.8096555471420288;0.1069861426949501;0.9839007258415222;0.9839007258415222
448;0.7956978678703308;0.10691480338573456;2.0507998e-05;0.984383761882782;0.984383761882782;0.8082680702209473;0.11146561056375504;0.9759511351585388;0.9759511351585388
449;0.7868722081184387;0.10825037956237793;2.0231128e-05;0.9839652180671692;0.9839652180671692;0.8021880984306335;0.1136237233877182;0.9762263298034668;0.9762263298034668
450;0.7940537929534912;0.10643406212329865;1.9952626e-05;0.9837276339530945;0.9837276339530945;0.7999110221862793;0.1149035096168518;0.9773421883583069;0.9773421883583069
451;0.7895536422729492;0.1106543317437172;1.967244e-05;0.9836956858634949;0.9836956858634949;0.8103692531585693;0.09703388065099716;0.9832941889762878;0.9832941889762878
452;0.7947537302970886;0.11044292896986008;1.939054e-05;0.9822923541069031;0.9822923541069031;0.8147386312484741;0.108982615172863;0.9774088859558105;0.9774088859558105
453;0.7952171564102173;0.10351382941007614;1.9106867e-05;0.9847882986068726;0.9847882986068726;0.8128106594085693;0.11607611924409866;0.9776232242584229;0.9776232242584229
454;0.7814422845840454;0.10993945598602295;1.8821382e-05;0.9829658269882202;0.9829658269882202;0.8054518699645996;0.11521144211292267;0.9757805466651917;0.9757805466651917
455;0.794085681438446;0.10598006844520569;1.8534023e-05;0.983505129814148;0.983505129814148;0.8167994022369385;0.11302884668111801;0.9754441380500793;0.9754441380500793
456;0.7920899987220764;0.10614688694477081;1.8244747e-05;0.984494149684906;0.984494149684906;0.7995708584785461;0.11898287385702133;0.9752890467643738;0.9752890467643738
457;0.7917073965072632;0.10871823132038116;1.7953495e-05;0.9830362796783447;0.9830362796783447;0.7981497049331665;0.10927003622055054;0.982738733291626;0.982738733291626
458;0.7979028820991516;0.10709622502326965;1.7660193e-05;0.9834650754928589;0.9834650754928589;0.8060150742530823;0.10685711354017258;0.9796034693717957;0.9796034693717957
459;0.7895605564117432;0.10829051584005356;1.7364799e-05;0.9835140705108643;0.9835140705108643;0.7900776863098145;0.11160117387771606;0.9798561334609985;0.9798561334609985
460;0.7981983423233032;0.10622940212488174;1.7067225e-05;0.9834280014038086;0.9834280014038086;0.8160898089408875;0.10859465599060059;0.9769918322563171;0.9769918322563171
461;0.7913327217102051;0.10945636034011841;1.6767419e-05;0.9826095104217529;0.9826095104217529;0.7994191646575928;0.1079433485865593;0.9808397889137268;0.9808397889137268
462;0.7948612570762634;0.10505494475364685;1.646529e-05;0.9834399223327637;0.9834399223327637;0.7912591099739075;0.11002736538648605;0.9826460480690002;0.9826460480690002
463;0.8041512966156006;0.10634297132492065;1.6160777e-05;0.9826743006706238;0.9826743006706238;0.7996675968170166;0.12052188068628311;0.9745637774467468;0.9745637774467468
464;0.7961055636405945;0.10779904574155807;1.5853782e-05;0.9826551675796509;0.9826551675796509;0.8041948080062866;0.11021444946527481;0.9803609251976013;0.9803609251976013
465;0.795822024345398;0.11011737585067749;1.5544209e-05;0.9804505705833435;0.9804505705833435;0.804033100605011;0.11273211985826492;0.9762763977050781;0.9762763977050781
466;0.8020946383476257;0.10356910526752472;1.5231978e-05;0.9835091829299927;0.9835091829299927;0.7746229767799377;0.1138496994972229;0.9809656739234924;0.9809656739234924
467;0.7988072633743286;0.10954806208610535;1.4916971e-05;0.9819758534431458;0.9819758534431458;0.79245525598526;0.11007795482873917;0.9803628325462341;0.9803628325462341
468;0.799045205116272;0.10611697286367416;1.45991e-05;0.9844129681587219;0.9844129681587219;0.8117149472236633;0.1170506700873375;0.9742554426193237;0.9742554426193237
469;0.7917994856834412;0.10659519582986832;1.4278219e-05;0.9854540824890137;0.9854540824890137;0.792970597743988;0.10347684472799301;0.9820858240127563;0.9820858240127563
470;0.7846947908401489;0.1094694510102272;1.3954231e-05;0.9831433296203613;0.9831432104110718;0.8026674389839172;0.11874900758266449;0.974722683429718;0.974722683429718
471;0.7954141497612;0.10748310387134552;1.3626984e-05;0.9816880822181702;0.9816880822181702;0.808772623538971;0.10313761979341507;0.9843506217002869;0.9843506217002869
472;0.7972846627235413;0.10834377259016037;1.3296325e-05;0.9817107915878296;0.9817107915878296;0.7990054488182068;0.1208828017115593;0.9730758666992188;0.9730758666992188
473;0.7889259457588196;0.10573401302099228;1.2962111e-05;0.9841829538345337;0.9841829538345337;0.7942521572113037;0.1190217062830925;0.9801813364028931;0.9801813364028931
474;0.8022264242172241;0.10616729408502579;1.2624153e-05;0.9823763370513916;0.9823763370513916;0.7943050265312195;0.1143941655755043;0.9781960248947144;0.9781960248947144
475;0.7934014201164246;0.1059308871626854;1.2282283e-05;0.9841330647468567;0.9841330647468567;0.8162745833396912;0.10909432917833328;0.9789286851882935;0.9789286851882935
476;0.7959038019180298;0.1060609444975853;1.1936273e-05;0.9836249947547913;0.9836249947547913;0.8062118887901306;0.10053287446498871;0.9855865240097046;0.9855865240097046
477;0.8011789917945862;0.10803353041410446;1.158592e-05;0.9834259152412415;0.9834259152412415;0.8106629848480225;0.11265023797750473;0.978428065776825;0.978428065776825
478;0.7895254492759705;0.10801314562559128;1.1230966e-05;0.9839701056480408;0.9839701056480408;0.7945206761360168;0.10993822664022446;0.9801249504089355;0.9801249504089355
479;0.7849708795547485;0.10972245037555695;1.0871124e-05;0.9820833802223206;0.9820833802223206;0.7883481383323669;0.11118199676275253;0.98091059923172;0.98091059923172
480;0.7981696724891663;0.10892640054225922;1.0506114e-05;0.9837711453437805;0.9837711453437805;0.7937235832214355;0.11174729466438293;0.9801517128944397;0.9801517128944397
481;0.793770968914032;0.10652584582567215;1.0135575e-05;0.9840043783187866;0.9840043783187866;0.7975773811340332;0.10643293708562851;0.9820193648338318;0.9820193648338318
482;0.7940745949745178;0.10427346080541611;9.759146e-06;0.9846556186676025;0.9846556186676025;0.7949091792106628;0.10578406602144241;0.9820278882980347;0.9820278882980347
483;0.7982763648033142;0.10351221263408661;9.376377e-06;0.9853869676589966;0.9853869676589966;0.7921549677848816;0.11149618029594421;0.9798511266708374;0.9798511266708374
484;0.8008036017417908;0.10298358649015427;8.986799e-06;0.9851248860359192;0.9851248860359192;0.8011767268180847;0.11627106368541718;0.9766367077827454;0.9766367077827454
485;0.788580596446991;0.10784392803907394;8.589832e-06;0.9847896695137024;0.9847896695137024;0.8174781799316406;0.1045944094657898;0.9830317497253418;0.9830317497253418
486;0.7837653756141663;0.10717694461345673;8.184848e-06;0.9848183393478394;0.9848183393478394;0.8056699633598328;0.106990285217762;0.9842052459716797;0.9842052459716797
487;0.7927611470222473;0.10246773809194565;7.771083e-06;0.9848089814186096;0.9848089814186096;0.8096362352371216;0.12269287556409836;0.9713382124900818;0.9713382124900818
488;0.7888080477714539;0.10431769490242004;7.347638e-06;0.9845774173736572;0.9845774173736572;0.7965812087059021;0.11874121427536011;0.9767209887504578;0.9767209887504578
489;0.7893699407577515;0.10645320266485214;6.9134703e-06;0.9841017127037048;0.9841017127037048;0.8030157685279846;0.10448189079761505;0.9812673330307007;0.9812673330307007
490;0.8014223575592041;0.10742420703172684;6.4672654e-06;0.9836627244949341;0.9836627244949341;0.8054391741752625;0.11236828565597534;0.9792094230651855;0.9792094230651855
491;0.7996362447738647;0.10661587119102478;6.00746e-06;0.9824680089950562;0.9824680089950562;0.8171166777610779;0.106141597032547;0.9789562821388245;0.9789562821388245
492;0.793025553226471;0.10832955688238144;5.532016e-06;0.9844255447387695;0.9844255447387695;0.8121954202651978;0.11038058996200562;0.9775468707084656;0.9775468707084656
493;0.7910534143447876;0.1090150848031044;5.038364e-06;0.9820846915245056;0.9820846915245056;0.7972344160079956;0.10241786390542984;0.9840022921562195;0.9840022921562195
494;0.7990503311157227;0.10690707713365555;4.52301e-06;0.9834225177764893;0.9834225177764893;0.8023694157600403;0.11105690896511078;0.9782761931419373;0.9782761931419373
495;0.7959384918212891;0.10595040023326874;3.9810684e-06;0.9839271306991577;0.9839271306991577;0.7904067039489746;0.11099698394536972;0.9801805019378662;0.9801805019378662
496;0.8007560968399048;0.10436080396175385;3.4053646e-06;0.9836379289627075;0.9836379289627075;0.8083231449127197;0.10985173285007477;0.9801444411277771;0.9801444411277771
497;0.7952297329902649;0.10418733209371567;2.7842295e-06;0.9837676882743835;0.9837676882743835;0.785881519317627;0.11485271900892258;0.9809131026268005;0.9809131026268005
498;0.8053010702133179;0.10643800348043442;2.0962477e-06;0.9826288819313049;0.9826288819313049;0.8057458400726318;0.09649679809808731;0.9870905876159668;0.9870905876159668
499;0.7905724048614502;0.10728443413972855;1.2903782e-06;0.9851403832435608;0.9851403832435608;0.8135976195335388;0.11208432912826538;0.977630615234375;0.977630615234375
